ARBORESCENCE REELLE DES EQUIPEMENTS - FABLAB ,Unnamed: 1,Unnamed: 2,Unnamed: 3,Unnamed: 4,Unnamed: 5,Unnamed: 6,Unnamed: 7
"Base sur le registre v2 (67 articles, feuille Arborescence_Equipements_Fablab_v2) + 2 equipements reels ajoutes (FL-068, FL-069, en jaune) identifies dans le dossier de criticite mais absents de l'inventaire initial. Colonne 'Traitement GMAO' : 1 = machine complexe (analyse AMDEC, onglets 03-07), 2 = outillage/instrument/consommable (fiche simplifiee, onglet 08).",,,,,,,
,,,,,,,
Code arborescence,Designation,Niveau,Description / Caracteristiques,Quantite,Etat,Traitement GMAO,Code EQ (AMDEC)
FABLAB,FABLAB (Site),Site,,,,,
FABLAB.ESP,ESPACES (equipements fixes par zone),Type,,,,,
FABLAB.ESP.ELEC,Espace Electronique,Zone / Stock,,,,,
FABLAB.ESP.ELEC.MES,Instruments de mesure,Sous-categorie,,,,,
FL-038,Oscilloscope numerique (Scope),Equipement,,2,Operationnel,2,
FL-039,Oscilloscope analogique (Scope),Equipement,,1,Operationnel,2,
FL-040,Oscilloscope analogique (Scope),Equipement,,1,Operationnel,2,
FL-041,Balance avec affichage,Equipement,,1,Operationnel,2,
FL-042,Balance,Equipement,,2,Operationnel,2,
FL-043,Oscilloscope numerique,Equipement,DOX 2070B,1,Operationnel,2,
FABLAB.ESP.ELEC.INST,Instruments electroniques,Sous-categorie,,,,,
FL-044,Alimentation DC reglable,Equipement,Adjustable DC Power Supply,1,Operationnel,2,
FL-045,Generateur de signaux basse frequence,Equipement,,1,Operationnel,2,
FABLAB.ESP.ELEC.EQP,Equipement electronique,Sous-categorie,,,,,
FL-046,Station de reprise a air chaud,Equipement,Rework soldering,1,Operationnel,2,
FABLAB.ESP.ELEC.SOU,Materiel de soudure,Sous-categorie,,,,,
FL-048,Station de reprise,Equipement,,1,Operationnel,2,
FL-049,Station de soudage,Equipement,ZD-929B,1,Operationnel,2,
FABLAB.ESP.ELEC.ALIM,Alimentation & distribution,Sous-categorie,,,,,
FL-002,Alimentation de laboratoire stabilisee,Equipement,,10,Operationnel,2,
FABLAB.ESP.PROTO,Espace Prototypage,Zone / Stock,,,,,
FABLAB.ESP.PROTO.LAS,Decoupe laser,Sous-categorie,,,,,
FL-007,Machine de decoupe laser,Equipement,Fabricant PIPROD,1,Hors service,1,EQ4a
FL-008,Machine WC 3000 (decoupe laser),Equipement,,1,Non renseigne,1,EQ4b
FABLAB.ESP.PROTO.CNC,Decoupe / Usinage CNC,Sous-categorie,,,,,
FL-009,Fraiseuse CNC (TPROD 6060),Equipement,Fabricant PIPROD,1,Operationnel,1,EQ2
FL-010,Perceuse/Fraiseuse CNC (Technodrill 3),Equipement,,1,Operationnel,1,EQ1
FABLAB.ESP.PROTO.FAC,Faconnage,Sous-categorie,,,,,
FL-011,Plieuse de plexiglas,Equipement,,1,Operationnel,2,
FABLAB.ESP.PROTO.ATE,Equipement atelier,Sous-categorie,,,,,
FL-012,Compresseur,Equipement,8 bars,1,Operationnel,2,
FL-013,Aspirateur de poussiere,Equipement,,1,Non renseigne,2,
FL-014,Pulverisateur electrique,Equipement,,1,Operationnel,2,
FL-015,Pompe a eau,Equipement,KNF,1,Operationnel,2,
FL-016,Machine a air chaud,Equipement,,1,Operationnel,2,
FABLAB.ESP.PROTO.OUT,Outillage atelier (fixe),Sous-categorie,,,,,
FL-017,Perceuse a colonne,Equipement,,1,Operationnel,2,
FABLAB.ESP.IMP3D,Espace Impression 3D,Zone / Stock,,,,,
FABLAB.ESP.IMP3D.PRN,Imprimantes 3D,Sous-categorie,,,,,
FL-003,Imprimante 3D FDM,Equipement,Shenzhen Creality 3D Technology,1,Hors service,1,EQ7
FL-004,Imprimante 3D FDM,Equipement,,1,Hors service,1,EQ7
FL-005,Imprimante 3D FDM,Equipement,,1,Hors service,1,EQ7
FL-006,Imprimante 3D resine,Equipement,Photocentric,1,Operationnel,1,EQ6
FL-068,Imprimante 3D FFF IDEX Raise3D E2CF,Equipement,,1,A confirmer,1,EQ3
FABLAB.ESP.IMP3D.SCA,Scan 3D,Sous-categorie,,,,,
FL-047,Appareil photo / scanner 3D,Equipement,,1,Non renseigne,2,
FABLAB.ESP.IMP3D_IND,Espace Impression 3D industrielle,Sous-categorie,,,,,
FL-069,Imprimante 3D industrielle FDM/FFF (enceinte fermee),Equipement,,1,A confirmer,1,EQ5
FABLAB.ESP.EXPO,Espace Exposition,Zone / Stock,,,,,
FABLAB.ESP.EXPO.PROTO,Prototype pedagogique,Sous-categorie,,,,,
FL-066,Prototype Shell Eco-marathon 2015,Equipement,,7,Operationnel,2,
FABLAB.STK,STOCKS (consommables & outillage portatif),Type,,,,,
FABLAB.STK.ELEC,Stock Electronique,Zone / Stock,,,,,
FABLAB.STK.ELEC.CONS,Consommable electrique,Sous-categorie,,,,,
FL-061,Coffret de gaine thermoretractable,Equipement,,1,Operationnel,2,
FABLAB.STK.USI,Stock Usinage,Zone / Stock,,,,,
FABLAB.STK.USI.QUI,Quincaillerie / Visserie,Sous-categorie,,,,,
FL-062,Tirefonds,Equipement,Tete hexagonale,15,Operationnel,2,
FL-063,Vis a metaux,Equipement,Tete fraisee,10,Operationnel,2,
FL-064,Vis CHC,Equipement,Tete cylindrique,217,Operationnel,2,
FL-065,Pointe ordinaire,Equipement,,,Non renseigne,2,
FABLAB.STK.FAB,Stock Fabrication additive,Zone / Stock,,,,,
FABLAB.STK.FAB.FIL,Filaments,Sous-categorie,,,,,
FL-051,Filament ABS,Equipement,Blanc,3,Operationnel,2,
FL-052,Filament ABS,Equipement,Bleu,2,Operationnel,2,
FL-053,Filament ABS,Equipement,Orange,3,Operationnel,2,
FL-054,Filament ABS,Equipement,Noir,1,Operationnel,2,
FL-055,Filament ABS,Equipement,Rouge,4,Operationnel,2,
FL-056,Filament ABS,Equipement,Gris,1,Operationnel,2,
FABLAB.STK.OUT,Stock Outillage,Zone / Stock,,,,,
FABLAB.STK.OUT.MAN,Outillage a main,Sous-categorie,,,,,
FL-018,Scie a metaux,Equipement,,1,Operationnel,2,
FL-019,Serre-joint a vis,Equipement,,1,Operationnel,2,
FL-020,Pince a sertir modulaire,Equipement,,1,Operationnel,2,
FL-021,Cle plate,Equipement,20/22,1,Operationnel,2,
FL-022,Cle plate,Equipement,16/17,1,Operationnel,2,
FL-023,Cle plate,Equipement,18/19,1,Operationnel,2,
FL-024,Cle plate,Equipement,"17/16 (doublon probable avec FL-022 16/17 - a verifier, cf. 09_Points_Action)",1,Operationnel,2,
FL-025,Cle plate,Equipement,12/13,1,Operationnel,2,
FL-026,Cle six pans,Equipement,10 mm - CR-V,1,Operationnel,2,
FL-027,Equerre de menuisier,Equipement,,1,Operationnel,2,
FL-028,Cle a molette,Equipement,150 mm (6 pouces),1,Operationnel,2,
FL-029,Tournevis standard,Equipement,,1,Operationnel,2,
FL-030,Tournevis cruciforme,Equipement,,1,Operationnel,2,
FL-031,Paire de ciseaux,Equipement,,1,Operationnel,2,
FL-032,Pince a denuder automatique,Equipement,,1,Operationnel,2,
FL-033,Pince coupante et pince a rasant,Equipement,,1,Operationnel,2,
FL-034,Pinceau plastique,Equipement,,1,Operationnel,2,
FL-035,Pompe a dessouder,Equipement,,1,Operationnel,2,
FABLAB.STK.OUT.COU,Outils de coupe et de meulage,Sous-categorie,,,,,
FL-036,Meuleuse d'angle,Equipement,,1,Operationnel,2,
FL-037,Mini perceuse,Equipement,CT13428,2,Operationnel,2,
FABLAB.STK.FIN,Stock Finition,Zone / Stock,,,,,
FABLAB.STK.FIN.PEI,Consommables de finition,Sous-categorie,,,,,
FL-057,Bombe de peinture aerosol,Equipement,Noir mat,2,Operationnel,2,
FL-058,Bombe de peinture aerosol,Equipement,Bleu,1,Operationnel,2,
FL-059,Bombe de peinture aerosol,Equipement,Beige,1,Operationnel,2,
FL-060,Bombe de peinture aerosol,Equipement,Gris,2,Operationnel,2,
FABLAB.INF,INFRASTRUCTURE GENERALE (transverse),Type,,,,,
FABLAB.INF.ELEC,Equipement electrique,Zone / Stock,,,,,
FL-001,Armoire electrique,Equipement,,2,Non renseigne,2,
FABLAB.INF.HYG,Hygiene / Consommable,Zone / Stock,,,,,
FL-050,Distributeur de gel desinfectant,Equipement,,1,Operationnel,2,
FABLAB.NC,NON CLASSE / A IDENTIFIER,Type,,,,,
FABLAB.NC.ID,Equipement non identifie,Zone / Stock,,,,,
FL-067,Intertek,Equipement,"Nature de l'equipement non identifiee - a identifier avant classement, cf. 09_Points_Action",2,Non renseigne,2,
,,,,,,,
TOTAL GENERAL DES EQUIPEMENTS DU FABLAB (quantite),,,,337,,,
NOMBRE TOTAL D'ARTICLES REFERENCES (FL-xxx),,,,69,,,
dont equipements nouveaux ajoutes (a confirmer),,,,2,,,
dont equipements hors service,,,,4,,,
dont etat non renseigne (a controler),,,,6,,,
